Param,Value,IRR,Equity Value,Terminal Value
exit_multiple,6.0,-0.017445139843545232,36630600.00000006,96630600.00000006
exit_multiple,7.0,0.05683927571125946,52735700.00000006,112735700.00000006
exit_multiple,8.0,0.11469790129947355,68840800.00000007,128840800.00000007
