Year,Capital Called,Distribution,Mgmt Fee,GP Share,LP Share,Cumulative LP,Cumulative GP,Accrued GP Carry (Unpaid),Gross IRR,Net LP IRR,GP IRR (Equity + Carry),MOIC,GP Clawback,GP Net After Clawback
1,30000000,0,2000000.0,0.0,0.0,0.0,0.0,0.0,,,,0.0,,
2,30000000,0,2000000.0,0.0,0.0,0.0,0.0,0.0,,,,0.0,,
3,20000000,0,2000000.0,0.0,0.0,0.0,0.0,0.0,,,,0.0,,
4,10000000,0,2000000.0,0.0,0.0,0.0,0.0,0.0,,,,0.0,,
5,0,160000000,2000000.0,32000000.0,128000000.0,128000000.0,32000000.0,0.0,0.08647541814293169,0.04042595704341778,0.472838836109706,1.7777777777777777,11000000.0,21000000.0
