Param,Value,IRR,MOIC
exit_multiple,8.1,,-0.8511872119743621
exit_multiple,9.0,,-0.7836193645478915
exit_multiple,9.9,,-0.7160515171214208
