Param,Value,IRR,MOIC
exit_multiple,8.1,-0.7157184550906153,-0.36522439718493716
exit_multiple,9.0,-0.7157184550906153,-0.31608414451114036
exit_multiple,9.9,-0.7157184550906153,-0.2669438918373435
